stock,period,total_return,annualized_avg_return,risk
A,5,16,3.2,11.40876856
B,5,15,3,6.782329983
C,5,10,2,9.899494937
D,5,17.5,3.5,1.732050808
E,5,21.82,4.364,5.307766385
F,5,10,2,4.459147901
G,5,8.35,1.67,7.020940108