employee,company,assigned_task,sum_sp,wasted_sp,assessment_score
Talent 1,"['P2', 'P2']","['T3', 'T9']",4,4,"[0.0625, 0.2222222222222222]"
Talent 2,['P2'],['T1'],1,7,[-0.052083333333333336]
Talent 3,"['P3', 'P3', 'P3']","['T4', 'T5', 'T7']",8,0,"[0.0, -9.25185853854297e-18, 0.11111111111111112]"
Talent 4,"['P1', 'P1', 'P1']","['T2', 'T8', 'T10']",8,0,"[0.023809523809523798, 0.05952380952380953, -0.33333333333333326]"
Talent 5,['P1'],['T6'],1,7,[-0.12222222222222219]
