employee,company,assigned_task,sum_sp,wasted_sp,assessment_score
Talent 1,['P3'],['T7'],2,6,[0.18888888888888886]
Talent 2,['P1'],['T2'],2,6,[-0.10317460317460318]
Talent 3,"['P3', 'P3']","['T4', 'T5']",6,2,"[0.0, -9.25185853854297e-18]"
Talent 4,"['P1', 'P1', 'P1']","['T6', 'T8', 'T10']",7,1,"[0.022222222222222227, 0.05952380952380953, -0.33333333333333326]"
Talent 5,"['P2', 'P2', 'P2']","['T1', 'T3', 'T9']",5,3,"[-0.09375, -0.40625, -0.16666666666666666]"
