employee,company,assigned_task,sum_sp,wasted_sp,assessment_score
Talent 1,"['P2', 'P2']","['T3', 'T9']",4,6,"[0.0625, 0.2222222222222222]"
Talent 2,"['P1', 'P1', 'P1', 'P1']","['T2', 'T6', 'T8', 'T10']",9,1,"[-0.10317460317460318, -0.17777777777777773, -0.1666666666666667, -0.38888888888888884]"
Talent 3,['P3'],['T4'],5,5,[0.0]
Talent 4,"['P3', 'P3']","['T5', 'T7']",3,7,"[0.023809523809523798, 0.05555555555555556]"
Talent 5,['P2'],['T1'],1,9,[-0.09375]
