employee,company,assigned_task,sum_sp,wasted_sp,assessment_score
Talent 1,"['P1', 'P1']","['T2', 'T8']",5,3,"[-0.09523809523809527, -0.2857142857142858]"
Talent 2,['P3'],['T4'],5,3,[-0.10256410256410257]
Talent 3,"['P1', 'P1']","['T6', 'T10']",4,4,"[-0.08888888888888886, -0.22222222222222218]"
Talent 4,"['P2', 'P2', 'P2']","['T1', 'T3', 'T9']",5,3,"[0.052083333333333336, -0.19791666666666666, 0.08333333333333333]"
Talent 5,"['P3', 'P3']","['T5', 'T7']",3,5,"[-0.14285714285714288, -0.08888888888888889]"
