employee,company,assigned_task,sum_sp,wasted_sp,assessment_score
Talent 1,"['P1', 'P1']","['T2', 'T10']",5,5,"[-0.09523809523809527, 0.0]"
Talent 2,['P3'],['T4'],5,5,[-0.10256410256410257]
Talent 3,"['P3', 'P3']","['T5', 'T7']",3,7,"[-9.25185853854297e-18, 0.11111111111111112]"
Talent 4,"['P2', 'P2', 'P2']","['T1', 'T3', 'T9']",5,5,"[0.052083333333333336, -0.19791666666666666, 0.08333333333333333]"
Talent 5,"['P1', 'P1']","['T6', 'T8']",4,6,"[-0.12222222222222219, -0.1547619047619048]"
