employee,company,assigned_task,sum_sp,wasted_sp,assessment_score
Talent 1,"['P2', 'P2', 'P2']","['T1', 'T3', 'T9']",5,5,"[-0.16666666666666666, 0.0625, 0.2222222222222222]"
Talent 2,"['P3', 'P3']","['T5', 'T7']",3,7,"[-0.08333333333333337, -0.033333333333333326]"
Talent 3,['P3'],['T4'],5,5,[0.0]
Talent 4,"['P1', 'P1']","['T6', 'T10']",4,6,"[0.022222222222222227, -0.33333333333333326]"
Talent 5,"['P1', 'P1']","['T2', 'T8']",5,5,"[-0.15873015873015875, -0.1547619047619048]"
