employee,company,assigned_task,sum_sp,wasted_sp,assessment_score
Talent 1,"['P2', 'P2', 'P2']","['T1', 'T3', 'T9']",5,5,"[-0.16666666666666666, 0.0625, 0.2222222222222222]"
Talent 2,['P1'],['T2'],2,8,[-0.10317460317460318]
Talent 3,"['P3', 'P3', 'P3']","['T4', 'T5', 'T7']",8,2,"[0.0, -9.25185853854297e-18, 0.11111111111111112]"
Talent 4,['P1'],['T10'],3,7,[-0.33333333333333326]
Talent 5,"['P1', 'P1']","['T6', 'T8']",4,6,"[-0.12222222222222219, -0.1547619047619048]"
