employee,company,assigned_task,sum_sp,wasted_sp,assessment_score
Talent 1,['P2'],['T3'],3,7,[0.0625]
Talent 2,"['P2', 'P2']","['T1', 'T9']",2,8,"[-0.052083333333333336, 0.027777777777777773]"
Talent 3,"['P3', 'P3', 'P3']","['T4', 'T5', 'T7']",8,2,"[0.0, -9.25185853854297e-18, 0.11111111111111112]"
Talent 4,"['P1', 'P1', 'P1', 'P1']","['T2', 'T6', 'T8', 'T10']",9,1,"[0.023809523809523798, 0.022222222222222227, 0.05952380952380953, -0.33333333333333326]"
