employee,company,assigned_task,sum_sp,wasted_sp,assessment_score
Talent 1,"['P1', 'P1']","['T2', 'T10']",5,15,"[-0.09523809523809527, 0.0]"
Talent 2,"['P3', 'P3']","['T5', 'T7']",3,17,"[-0.08333333333333337, -0.033333333333333326]"
Talent 3,"['P2', 'P2', 'P2']","['T1', 'T3', 'T9']",5,15,"[-0.03125, -0.09375, 0.1527777777777778]"
Talent 4,"['P1', 'P1']","['T6', 'T8']",4,16,"[0.022222222222222227, 0.05952380952380953]"
Talent 5,['P3'],['T4'],5,15,[-0.16666666666666666]
